Month,Mean TemperatureF
Apr,61.956044
Jan,32.133333
Jul,68.934783
Oct,43.434783